the,AA
of,AB
and,AC
to,AD
a,AE
in,AF
is,AG
you,AH
are,AI
for,AJ
that,AK
or,AL
it,AM
as,AN
be,AO
on,AP
your,AQ
with,AR
can,AS
have,AT
this,AU
an,AV
by,AW
not,AX
but,AY
at,AZ
from,Aa
I,Ab
they,Ac
more,Ad
will,Ae
if,Af
some,Ag
there,Ah
what,Ai
about,Aj
which,Ak
when,Al
one,Am
their,An
all,Ao
also,Ap
how,Aq
many,Ar
do,As
has,At
most,Au
people,Av
other,Aw
time,Ax
so,Ay
was,Az
we,BA
these,BB
may,BC
like,BD
use,BE
into,BF
than,BG
up,BH
out,BI
who,BJ
them,BK
make,BL
because,BM
such,BN
through,BO
get,BP
work,BQ
even,BR
different,BS
its,BT
no,BU
our,BV
new,BW
film,BX
just,BY
only,BZ
see,Ba
used,Bb
good,Bc
water,Bd
been,Be
need,Bf
should,Bg
very,Bh
any,Bi
history,Bj
often,Bk
way,Bl
well,Bm
art,Bn
know,Bo
were,Bp
then,Bq
my,Br
first,Bs
would,Bt
money,Bu
each,Bv
over,Bw
world,Bx
information,By
map,Bz
find,CA
where,CB
much,CC
take,CD
two,CE
want,CF
important,CG
family,CH
those,CI
example,CJ
while,CK
he,CL
look,CM
government,CN
before,CO
help,CP
between,CQ
go,CR
own,CS
however,CT
business,CU
us,CV
great,CW
his,CX
being,CY
another,CZ
health,Ca
same,Cb
study,Cc
why,Cd
few,Ce
game,Cf
might,Cg
think,Ch
free,Ci
too,Cj
had,Ck
hi,Cl
right,Cm
still,Cn
system,Co
after,Cp
computer,Cq
best,Cr
must,Cs
her,Ct
life,Cu
since,Cv
could,Cw
does,Cx
now,Cy
during,Cz
learn,DA
around,DB
usually,DC
form,DD
meat,DE
air,DF
day,DG
place,DH
become,DI
number,DJ
public,DK
read,DL
keep,DM
part,DN
start,DO
year,DP
every,DQ
field,DR
large,DS
once,DT
available,DU
down,DV
give,DW
fish,DX
human,DY
both,DZ
local,Da
sure,Db
something,Dc
without,Dd
come,De
me,Df
back,Dg
better,Dh
general,Di
process,Dj
she,Dk
heat,Dl
thanks,Dm
specific,Dn
enough,Do
long,Dp
lot,Dq
hand,Dr
popular,Ds
small,Dt
though,Du
experience,Dv
include,Dw
job,Dx
music,Dy
person,Dz
really,EA
although,EB
thank,EC
book,ED
early,EE
reading,EF
end,EG
method,EH
never,EI
less,EJ
play,EK
able,EL
data,EM
feel,EN
high,EO
off,EP
point,EQ
type,ER
whether,ES
food,ET
understanding,EU
here,EV
home,EW
certain,EX
economy,EY
little,EZ
theory,Ea
tonight,Eb
law,Ec
put,Ed
under,Ee
value,Ef
always,Eg
body,Eh
common,Ei
market,Ej
set,Ek
bird,El
guide,Em
provide,En
change,Eo
interest,Ep
literature,Eq
sometimes,Er
problem,Es
say,Et
next,Eu
create,Ev
simple,Ew
software,Ex
state,Ey
together,Ez
control,FA
knowledge,FB
power,FC
radio,FD
ability,FE
basic,FF
course,FG
economics,FH
hard,FI
add,FJ
company,FK
known,FL
love,FM
past,FN
price,FO
size,FP
away,FQ
big,FR
internet,FS
possible,FT
television,FU
three,FV
understand,FW
various,FX
yourself,FY
card,FZ
difficult,Fa
including,Fb
list,Fc
mind,Fd
particular,Fe
real,Ff
science,Fg
trade,Fh
consider,Fi
either,Fj
library,Fk
likely,Fl
nature,Fm
fact,Fn
line,Fo
product,Fp
care,Fq
group,Fr
idea,Fs
risk,Ft
several,Fu
someone,Fv
temperature,Fw
united,Fx
word,Fy
fat,Fz
force,GA
key,GB
light,GC
simply,GD
today,GE
training,GF
until,GG
major,GH
name,GI
personal,GJ
school,GK
top,GL
current,GM
generally,GN
historical,GO
investment,GP
left,GQ
national,GR
amount,GS
level,GT
order,GU
practice,GV
research,GW
sense,GX
service,GY
area,GZ
cut,Ga
hot,Gb
instead,Gc
least,Gd
natural,Ge
physical,Gf
piece,Gg
show,Gh
society,Gi
try,Gj
check,Gk
choose,Gl
develop,Gm
second,Gn
useful,Go
web,Gp
activity,Gq
boss,Gr
short,Gs
story,Gt
call,Gu
industry,Gv
last,Gw
media,Gx
mental,Gy
move,Gz
pay,HA
sport,HB
thing,HC
actually,HD
against,HE
far,HF
fun,HG
house,HH
let,HI
page,HJ
remember,HK
term,HL
test,HM
within,HN
along,HO
answer,HP
increase,HQ
oven,HR
quite,HS
scared,HT
single,HU
sound,HV
again,HW
community,HX
definition,HY
focus,HZ
individual,Ha
matter,Hb
safety,Hc
turn,Hd
everything,He
kind,Hf
quality,Hg
soil,Hh
ask,Hi
board,Hj
buy,Hk
development,Hl
guard,Hm
hold,Hn
language,Ho
later,Hp
main,Hq
offer,Hr
oil,Hs
picture,Ht
potential,Hu
professional,Hv
rather,Hw
access,Hx
additional,Hy
almost,Hz
especially,IA
garden,IB
international,IC
lower,ID
management,IE
open,IF
player,IG
range,IH
rate,II
reason,IJ
travel,IK
variety,IL
video,IM
week,IN
above,IO
according,IP
cook,IQ
determine,IR
future,IS
site,IT
alternative,IU
demand,IV
ever,IW
exercise,IX
following,IY
image,IZ
quickly,Ia
special,Ib
working,Ic
case,Id
cause,Ie
coast,If
probably,Ig
security,Ih
true,Ii
whole,Ij
action,Ik
age,Il
among,Im
bad,In
boat,Io
country,Ip
dance,Iq
exam,Ir
excuse,Is
grow,It
movie,Iu
organization,Iv
record,Iw
result,Ix
section,Iy
across,Iz
already,JA
below,JB
building,JC
mouse,JD
allow,JE
cash,JF
class,JG
clear,JH
dry,JI
easy,JJ
emotional,JK
equipment,JL
live,JM
nothing,JN
period,JO
physics,JP
plan,JQ
store,JR
tax,JS
analysis,JT
cold,JU
commercial,JV
directly,JW
full,JX
involved,JY
itself,JZ
low,Ja
old,Jb
policy,Jc
political,Jd
purchase,Je
series,Jf
side,Jg
subject,Jh
supply,Ji
therefore,Jj
thought,Jk
basis,Jl
boyfriend,Jm
deal,Jn
direction,Jo
mean,Jp
primary,Jq
space,Jr
strategy,Js
technology,Jt
worth,Ju
army,Jv
camera,Jw
fall,Jx
freedom,Jy
paper,Jz
rule,KA
similar,KB
stock,KC
weather,KD
yet,KE
bring,KF
chance,KG
environment,KH
everyone,KI
figure,KJ
improve,KK
man,KL
model,KM
necessary,KN
positive,KO
produce,KP
search,KQ
source,KR
beginning,KS
child,KT
earth,KU
else,KV
healthy,KW
instance,KX
maintain,KY
month,KZ
present,Ka
program,Kb
spend,Kc
talk,Kd
truth,Ke
upset,Kf
begin,Kg
chicken,Kh
close,Ki
creative,Kj
design,Kk
feature,Kl
financial,Km
head,Kn
marketing,Ko
material,Kp
medical,Kq
purpose,Kr
question,Ks
rock,Kt
salt,Ku
tell,Kv
themselves,Kw
traditional,Kx
university,Ky
writing,Kz
act,LA
article,LB
birth,LC
car,LD
cost,LE
department,LF
difference,LG
dog,LH
drive,LI
exist,LJ
federal,LK
goal,LL
green,LM
late,LN
news,LO
object,LP
scale,LQ
sun,LR
support,LS
tend,LT
thus,LU
audience,LV
enjoy,LW
entire,LX
fishing,LY
fit,LZ
glad,La
growth,Lb
income,Lc
marriage,Ld
note,Le
perform,Lf
profit,Lg
proper,Lh
related,Li
remove,Lj
rent,Lk
return,Ll
run,Lm
speed,Ln
strong,Lo
style,Lp
throughout,Lq
user,Lr
war,Ls
actual,Lt
appropriate,Lu
bank,Lv
combination,Lw
complex,Lx
content,Ly
craft,Lz
due,MA
easily,MB
effective,MC
eventually,MD
exactly,ME
failure,MF
half,MG
inside,MH
meaning,MI
medicine,MJ
middle,MK
outside,ML
philosophy,MM
regular,MN
reserve,MO
standard,MP
bus,MQ
decide,MR
exchange,MS
eye,MT
fast,MU
fire,MV
identify,MW
independent,MX
leave,MY
original,MZ
position,Ma
pressure,Mb
reach,Mc
rest,Md
serve,Me
stress,Mf
teacher,Mg
watch,Mh
wide,Mi
advantage,Mj
beautiful,Mk
benefit,Ml
box,Mm
charge,Mn
communication,Mo
complete,Mp
continue,Mq
frame,Mr
issue,Ms
limited,Mt
night,Mu
protect,Mv
require,Mw
significant,Mx
step,My
successful,Mz
unless,NA
active,NB
break,NC
chemistry,ND
cycle,NE
disease,NF
disk,NG
electrical,NH
energy,NI
expensive,NJ
face,NK
interested,NL
item,NM
metal,NN
nation,NO
negative,NP
occur,NQ
paint,NR
pregnant,NS
review,NT
road,NU
role,NV
room,NW
safe,NX
screen,NY
soup,NZ
stay,Na
structure,Nb
view,Nc
visit,Nd
visual,Ne
write,Nf
wrong,Ng
account,Nh
advertising,Ni
affect,Nj
ago,Nk
anyone,Nl
approach,Nm
avoid,Nn
ball,No
behind,Np
certainly,Nq
concerned,Nr
cover,Ns
discipline,Nt
location,Nu
medium,Nv
normally,Nw
prepare,Nx
quick,Ny
ready,Nz
report,OA
rise,OB
share,OC
success,OD
addition,OE
apartment,OF
balance,OG
bit,OH
black,OI
bottom,OJ
build,OK
choice,OL
education,OM
gift,ON
impact,OO
machine,OP
math,OQ
moment,OR
painting,OS
politics,OT
shape,OU
straight,OV
tool,OW
walk,OX
white,OY
wind,OZ
achieve,Oa
address,Ob
attention,Oc
average,Od
believe,Oe
beyond,Of
career,Og
culture,Oh
decision,Oi
direct,Oj
event,Ok
excellent,Ol
extra,Om
intelligent,On
interesting,Oo
junior,Op
morning,Oq
pick,Or
poor,Os
pot,Ot
pretty,Ou
property,Ov
receive,Ow
seem,Ox
shopping,Oy
sign,Oz
student,PA
table,PB
task,PC
unique,PD
wood,PE
anything,PF
classic,PG
competition,PH
condition,PI
contact,PJ
credit,PK
currently,PL
discuss,PM
distribution,PN
egg,PO
entertainment,PP
final,PQ
happy,PR
hope,PS
ice,PT
lift,PU
mix,PV
network,PW
north,PX
office,PY
overall,PZ
population,Pa
president,Pb
private,Pc
realize,Pd
responsible,Pe
separate,Pf
square,Pg
stop,Ph
teach,Pi
unit,Pj
western,Pk
yes,Pl
alone,Pm
attempt,Pn
category,Po
cigarette,Pp
concern,Pq
contain,Pr
context,Ps
cute,Pt
date,Pu
effect,Pv
extremely,Pw
familiar,Px
finally,Py
fly,Pz
follow,QA
helpful,QB
introduction,QC
link,QD
official,QE
opportunity,QF
perfect,QG
performance,QH
post,QI
recent,QJ
refer,QK
solve,QL
star,QM
voice,QN
willing,QO
born,QP
bright,QQ
broad,QR
capital,QS
challenge,QT
comfortable,QU
constantly,QV
describe,QW
despite,QX
driver,QY
flat,QZ
flight,Qa
friend,Qb
gain,Qc
him,Qd
length,Qe
magazine,Qf
maybe,Qg
newspaper,Qh
nice,Qi
prefer,Qj
prevent,Qk
properly,Ql
relationship,Qm
rich,Qn
save,Qo
self,Qp
shot,Qq
soon,Qr
specifically,Qs
stand,Qt
teaching,Qu
warm,Qv
wonderful,Qw
young,Qx
ahead,Qy
brush,Qz
cell,RA
couple,RB
daily,RC
dealer,RD
debate,RE
discover,RF
ensure,RG
exit,RH
expect,RI
experienced,RJ
fail,RK
finding,RL
front,RM
function,RN
heavy,RO
hello,RP
highly,RQ
immediately,RR
impossible,RS
invest,RT
lack,RU
lake,RV
lead,RW
listen,RX
living,RY
member,RZ
message,Ra
phone,Rb
plant,Rc
plastic,Rd
reduce,Re
relatively,Rf
scene,Rg
serious,Rh
slowly,Ri
speak,Rj
spot,Rk
summer,Rl
taste,Rm
theme,Rn
towards,Ro
track,Rp
valuable,Rq
whatever,Rr
wing,Rs
worry,Rt
appear,Ru
appearance,Rv
association,Rw
brain,Rx
button,Ry
click,Rz
concept,SA
correct,SB
customer,SC
death,SD
desire,SE
discussion,SF
explain,SG
explore,SH
express,SI
fairly,SJ
fixed,SK
foot,SL
gas,SM
handle,SN
housing,SO
huge,SP
inflation,SQ
influence,SR
insurance,SS
involve,ST
leading,SU
lose,SV
meet,SW
mood,SX
notice,SY
primarily,SZ
rain,Sa
rare,Sb
release,Sc
sell,Sd
slow,Se
technical,Sf
typical,Sg
upon,Sh
wall,Si
woman,Sj
advice,Sk
afford,Sl
agree,Sm
base,Sn
blood,So
clean,Sp
competitive,Sq
completely,Sr
critical,Ss
damage,St
distance,Su
effort,Sv
electronic,Sw
expression,Sx
feeling,Sy
finish,Sz
fresh,TA
hear,TB
immediate,TC
importance,TD
normal,TE
opinion,TF
otherwise,TG
pair,TH
payment,TI
plus,TJ
press,TK
reality,TL
remain,TM
represent,TN
responsibility,TO
ride,TP
savings,TQ
secret,TR
situation,TS
skill,TT
spread,TU
spring,TV
staff,TW
statement,TX
sugar,TY
target,TZ
text,Ta
tough,Tb
ultimately,Tc
wait,Td
wealth,Te
whenever,Tf
whose,Tg
widely,Th
animal,Ti
application,Tj
apply,Tk
author,Tl
aware,Tm
brown,Tn
budget,To
cheap,Tp
city,Tq
complicated,Tr
county,Ts
deep,Tt
depth,Tu
discount,Tv
display,Tw
educational,Tx
environmental,Ty
estate,Tz
file,UA
flow,UB
forget,UC
foundation,UD
global,UE
grandmother,UF
ground,UG
heart,UH
hit,UI
legal,UJ
lesson,UK
minute,UL
near,UM
objective,UN
officer,UO
perspective,UP
phase,UQ
photo,UR
recently,US
recipe,UT
recommend,UU
reference,UV
register,UW
relevant,UX
rely,UY
secure,UZ
seriously,Ua
shoot,Ub
sky,Uc
stage,Ud
stick,Ue
studio,Uf
thin,Ug
title,Uh
topic,Ui
touch,Uj
trouble,Uk
vary,Ul
accurate,Um
advanced,Un
bowl,Uo
bridge,Up
campaign,Uq
cancel,Ur
capable,Us
character,Ut
chemical,Uu
club,Uv
collection,Uw
cool,Ux
cry,Uy
dangerous,Uz
depression,VA
dump,VB
edge,VC
evidence,VD
extreme,VE
fan,VF
frequently,VG
fully,VH
generate,VI
imagination,VJ
letter,VK
lock,VL
maximum,VM
mostly,VN
myself,VO
naturally,VP
nearly,VQ
novel,VR
obtain,VS
occasionally,VT
option,VU
organized,VV
pack,VW
park,VX
passion,VY
percentage,VZ
plenty,Va
push,Vb
quarter,Vc
resource,Vd
select,Ve
setting,Vf
skin,Vg
sort,Vh
weight,Vi
accept,Vj
ad,Vk
agency,Vl
baby,Vm
background,Vn
carefully,Vo
carry,Vp
clearly,Vq
college,Vr
communicate,Vs
complain,Vt
conflict,Vu
connection,Vv
criticism,Vw
debt,Vx
depend,Vy
description,Vz
die,WA
dish,WB
dramatic,WC
eat,WD
efficient,WE
enter,WF
essentially,WG
exact,WH
factor,WI
fair,WJ
fill,WK
fine,WL
formal,WM
forward,WN
fruit,WO
glass,WP
happen,WQ
indicate,WR
joint,WS
jump,WT
kick,WU
master,WV
memory,WW
muscle,WX
opposite,WY
pass,WZ
patience,Wa
pitch,Wb
possibly,Wc
powerful,Wd
red,We
remote,Wf
secretary,Wg
slightly,Wh
solution,Wi
somewhat,Wj
strength,Wk
suggest,Wl
survive,Wm
total,Wn
traffic,Wo
treat,Wp
trip,Wq
vast,Wr
vegetable,Ws
abuse,Wt
administration,Wu
appeal,Wv
appreciate,Ww
aspect,Wx
attitude,Wy
beat,Wz
burn,XA
chart,XB
compare,XC
deposit,XD
director,XE
equally,XF
foreign,XG
gear,XH
greatly,XI
hungry,XJ
ideal,XK
imagine,XL
kitchen,XM
land,XN
log,XO
lost,XP
manage,XQ
mother,XR
necessarily,XS
net,XT
party,XU
personality,XV
personally,XW
practical,XX
principle,XY
print,XZ
psychological,Xa
psychology,Xb
raise,Xc
rarely,Xd
recommendation,Xe
regularly,Xf
relative,Xg
response,Xh
sale,Xi
season,Xj
selection,Xk
severe,Xl
signal,Xm
similarly,Xn
sleep,Xo
smooth,Xp
somewhere,Xq
spirit,Xr
storage,Xs
street,Xt
suitable,Xu
tree,Xv
version,Xw
wave,Xx
advance,Xy
alcohol,Xz
anywhere,YA
argument,YB
basically,YC
belt,YD
bench,YE
closed,YF
closely,YG
commission,YH
complaint,YI
connect,YJ
consist,YK
contract,YL
contribute,YM
copy,YN
dark,YO
differ,YP
double,YQ
draw,YR
drop,YS
effectively,YT
emphasis,YU
encourage,YV
equal,YW
everybody,YX
expand,YY
firm,YZ
fix,Ya
frequent,Yb
highway,Yc
hire,Yd
initially,Ye
internal,Yf
join,Yg
kill,Yh
literally,Yi
loss,Yj
mainly,Yk
membership,Yl
merely,Ym
minimum,Yn
numerous,Yo
path,Yp
possession,Yq
preparation,Yr
progress,Ys
project,Yt
prove,Yu
react,Yv
recognize,Yw
relax,Yx
replace,Yy
sea,Yz
sensitive,ZA
sit,ZB
south,ZC
status,ZD
steak,ZE
stuff,ZF
sufficient,ZG
tap,ZH
ticket,ZI
tour,ZJ
union,ZK
unusual,ZL
win,ZM
agreement,ZN
angle,ZO
attack,ZP
blue,ZQ
borrow,ZR
breakfast,ZS
cancer,ZT
claim,ZU
confidence,ZV
consistent,ZW
constant,ZX
cultural,ZY
currency,ZZ
daughter,Za
degree,Zb
doctor,Zc
dot,Zd
drag,Ze
dream,Zf
drink,Zg
duty,Zh
earn,Zi
emphasize,Zj
employment,Zk
enable,Zl
engineering,Zm
entry,Zn
essay,Zo
existing,Zp
famous,Zq
father,Zr
fee,Zs
finance,Zt
gently,Zu
guess,Zv
hopefully,Zw
hour,Zx
interaction,Zy
juice,Zz
limit,aA
luck,aB
milk,aC
minor,aD
mixed,aE
mixture,aF
mouth,aG
nor,aH
operate,aI
originally,aJ
peace,aK
pipe,aL
please,aM
preference,aN
previous,aO
pull,aP
pure,aQ
raw,aR
reflect,aS
region,aT
republic,aU
roughly,aV
seat,aW
send,aX
significantly,aY
soft,aZ
solid,aa
stable,ab
storm,ac
substance,ad
team,ae
tradition,af
trick,ag
virus,ah
wear,ai
weird,aj
wonder,ak
actor,al
afraid,am
afternoon,an
amazing,ao
annual,ap
anticipate,aq
assume,ar
bat,as
beach,at
blank,au
busy,av
catch,aw
chain,ax
classroom,ay
consideration,az
count,bA
cream,bB
crew,bC
dead,bD
delivery,bE
detail,bF
detailed,bG
device,bH
difficulty,bI
doubt,bJ
drama,bK
election,bL
engage,bM
engine,bN
enhance,bO
examine,bP
false,bQ
feed,bR
football,bS
forever,bT
gold,bU
guidance,bV
hotel,bW
impress,bX
install,bY
interview,bZ
kid,ba
mark,bb
match,bc
mission,bd
nobody,be
obvious,bf
ourselves,bg
owner,bh
pain,bi
participate,bj
pleasure,bk
priority,bl
protection,bm
repeat,bn
round,bo
score,bp
screw,bq
seek,br
sex,bs
sharp,bt
shop,bu
shower,bv
sing,bw
slide,bx
strip,by
suggestion,bz
suit,cA
tension,cB
thick,cC
tone,cD
totally,cE
twice,cF
variation,cG
whereas,cH
window,cI
wise,cJ
wish,cK
agent,cL
anxiety,cM
atmosphere,cN
awareness,cO
band,cP
bath,cQ
block,cR
bone,cS
bread,cT
calendar,cU
candidate,cV
cap,cW
careful,cX
climate,cY
coat,cZ
collect,ca
combine,cb
command,cc
comparison,cd
confusion,ce
construction,cf
contest,cg
corner,ch
court,ci
cup,cj
dig,ck
district,cl
divide,cm
door,cn
east,co
elevator,cp
elsewhere,cq
emotion,cr
employee,cs
employer,ct
equivalent,cu
everywhere,cv
except,cw
finger,cx
garage,cy
guarantee,cz
guest,dA
hang,dB
height,dC
himself,dD
hole,dE
hook,dF
hunt,dG
implement,dH
initial,dI
intend,dJ
introduce,dK
latter,dL
layer,dM
leadership,dN
lecture,dO
lie,dP
mall,dQ
manager,dR
manner,dS
march,dT
married,dU
meeting,dV
mention,dW
narrow,dX
nearby,dY
neither,dZ
nose,da
obviously,db
operation,dc
parking,dd
partner,de
perfectly,df
physically,dg
profile,dh
proud,di
recording,dj
relate,dk
respect,dl
rice,dm
routine,dn
sample,do
schedule,dp
settle,dq
smell,dr
somehow,ds
spiritual,dt
survey,du
swimming,dv
telephone,dw
tie,dx
tip,dy
transportation,dz
unhappy,eA
wild,eB
winter,eC
absolutely,eD
acceptable,eE
adult,eF
aggressive,eG
airline,eH
apart,eI
assure,eJ
attract,eK
bag,eL
battle,eM
bed,eN
bill,eO
boring,eP
bother,eQ
brief,eR
cake,eS
charity,eT
code,eU
cousin,eV
crazy,eW
curve,eX
designer,eY
dimension,eZ
disaster,ea
distinct,eb
distribute,ec
dress,ed
ease,ee
eastern,ef
editor,eg
efficiency,eh
emergency,ei
escape,ej
evening,ek
excitement,el
expose,em
extension,en
extent,eo
farm,ep
feedback,eq
fight,er
gap,es
gather,et
grade,eu
guitar,ev
hate,ew
holiday,ex
homework,ey
horror,ez
horse,fA
host,fB
husband,fC
leader,fD
loan,fE
logical,fF
mistake,fG
mom,fH
mountain,fI
nail,fJ
noise,fK
none,fL
occasion,fM
outcome,fN
overcome,fO
owe,fP
package,fQ
patient,fR
pause,fS
permission,fT
phrase,fU
presentation,fV
prior,fW
promotion,fX
proof,fY
race,fZ
reasonable,fa
reflection,fb
refrigerator,fc
relief,fd
repair,fe
resolution,ff
revenue,fg
rough,fh
sad,fi
sand,fj
scratch,fk
sentence,fl
session,fm
shoulder,fn
sick,fo
singer,fp
smoke,fq
stomach,fr
strange,fs
strict,ft
strike,fu
string,fv
succeed,fw
successfully,fx
suddenly,fy
suffer,fz
surprised,gA
tennis,gB
throw,gC
tourist,gD
towel,gE
truly,gF
vacation,gG
virtually,gH
west,gI
wheel,gJ
wine,gK
acquire,gL
adapt,gM
adjust,gN
administrative,gO
altogether,gP
anyway,gQ
argue,gR
arise,gS
arm,gT
aside,gU
associate,gV
automatic,gW
automatically,gX
basket,gY
bet,gZ
blow,ga
bonus,gb
border,gc
branch,gd
breast,ge
brother,gf
buddy,gg
bunch,gh
cabinet,gi
childhood,gj
chip,gk
church,gl
civil,gm
clothes,gn
coach,go
coffee,gp
confirm,gq
cross,gr
deeply,gs
definitely,gt
deliberately,gu
dinner,gv
document,gw
draft,gx
drawing,gy
dust,gz
employ,hA
encouraging,hB
expert,hC
external,hD
floor,hE
former,hF
god,hG
golf,hH
habit,hI
hair,hJ
hardly,hK
hearing,hL
hurt,hM
illegal,hN
incorporate,hO
initiative,hP
iron,hQ
judge,hR
judgment,hS
justify,hT
knife,hU
lab,hV
landscape,hW
laugh,hX
lay,hY
league,hZ
loud,ha
mail,hb
massive,hc
measurement,hd
mess,he
mobile,hf
mode,hg
mud,hh
nasty,hi
native,hj
opening,hk
orange,hl
ordinary,hm
organize,hn
ought,ho
parent,hp
pattern,hq
pin,hr
poetry,hs
police,ht
pool,hu
possess,hv
possibility,hw
pound,hx
procedure,hy
queen,hz
ratio,iA
readily,iB
relation,iC
relieve,iD
request,iE
respond,iF
restaurant,iG
retain,iH
royal,iI
salary,iJ
satisfaction,iK
sector,iL
senior,iM
shame,iN
shelter,iO
shoe,iP
shut,iQ
signature,iR
significance,iS
silver,iT
somebody,iU
song,iV
southern,iW
split,iX
strain,iY
struggle,iZ
super,ia
swim,ib
tackle,ic
tank,id
terribly,ie
tight,if
tooth,ig
town,ih
train,ii
trust,ij
unfair,ik
unfortunately,il
upper,im
vehicle,in
visible,io
volume,ip
wash,iq
waste,ir
wife,is
yellow,it
yours,iu
accident,iv
airport,iw
alive,ix
angry,iy
appointment,iz
arrival,jA
assist,jB
assumption,jC
bake,jD
bar,jE
baseball,jF
bell,jG
bike,jH
blame,jI
boy,jJ
brick,jK
calculate,jL
chair,jM
chapter,jN
closet,jO
clue,jP
collar,jQ
comment,jR
committee,jS
compete,jT
concerning,jU
conference,jV
consult,jW
conversation,jX
convert,jY
crash,jZ
database,ja
deliver,jb
dependent,jc
desperate,jd
devil,je
diet,jf
enthusiasm,jg
error,jh
exciting,ji
explanation,jj
extend,jk
farmer,jl
fear,jm
fold,jn
forth,jo
friendly,jp
fuel,jq
funny,jr
gate,js
girl,jt
glove,ju
grab,jv
gross,jw
hall,jx
herself,jy
hide,jz
historian,kA
hospital,kB
ill,kC
injury,kD
instruction,kE
investigate,kF
jacket,kG
lucky,kH
lunch,kI
maintenance,kJ
manufacturer,kK
meal,kL
miss,kM
monitor,kN
mortgage,kO
negotiate,kP
nurse,kQ
pace,kR
panic,kS
peak,kT
perception,kU
permit,kV
pie,kW
plane,kX
poem,kY
presence,kZ
proposal,ka
provided,kb
qualify,kc
quote,kd
realistic,ke
reception,kf
recover,kg
replacement,kh
resolve,ki
retire,kj
revolution,kk
reward,kl
rid,km
river,kn
roll,ko
row,kp
sandwich,kq
shock,kr
sink,ks
slip,kt
son,ku
sorry,kv
spare,kw
speech,kx
spite,ky
spray,kz
surprise,lA
suspect,lB
sweet,lC
swing,lD
tea,lE
till,lF
transition,lG
twist,lH
ugly,lI
unlikely,lJ
upstairs,lK
usual,lL
village,lM
warning,lN
weekend,lO
weigh,lP
welcome,lQ
winner,lR
worker,lS
writer,lT
yard,lU
abroad,lV
alarm,lW
anxious,lX
arrive,lY
assistance,lZ
attach,la
behave,lb
bend,lc
bicycle,ld
bite,le
blind,lf
bottle,lg
brave,lh
breath,li
briefly,lj
buyer,lk
cable,ll
calm,lm
candle,ln
celebrate,lo
chest,lp
chocolate,lq
clerk,lr
cloud,ls
comprehensive,lt
concentrate,lu
concert,lv
conclusion,lw
contribution,lx
convince,ly
cookie,lz
counter,mA
courage,mB
curious,mC
dad,mD
desk,mE
dirty,mF
disagree,mG
downtown,mH
drawer,mI
establish,mJ
establishment,mK
estimate,mL
examination,mM
flower,mN
garbage,mO
grand,mP
grandfather,mQ
grocery,mR
harm,mS
honest,mT
honey,mU
ignore,mV
imply,mW
impression,mX
impressive,mY
improvement,mZ
independence,ma
informal,mb
inner,mc
insect,md
insist,me
inspection,mf
inspector,mg
king,mh
knee,mi
ladder,mj
lawyer,mk
leather,ml
load,mm
loose,mn
male,mo
menu,mp
mine,mq
mirror,mr
moreover,ms
neck,mt
penalty,mu
pension,mv
piano,mw
plate,mx
pleasant,my
pleased,mz
potato,nA
profession,nB
professor,nC
prompt,nD
proposed,nE
purple,nF
pursue,nG
quantity,nH
quiet,nI
reaction,nJ
refuse,nK
regret,nL
remaining,nM
requirement,nN
reveal,nO
ruin,nP
rush,nQ
salad,nR
sexual,nS
shake,nT
shift,nU
shine,nV
ship,nW
sister,nX
skirt,nY
slice,nZ
snow,na
specialist,nb
specify,nc
steal,nd
stroke,ne
strongly,nf
suck,ng
sudden,nh
supermarket,ni
surround,nj
switch,nk
terrible,nl
tired,nm
tongue,nn
trash,no
tune,np
unable,nq
warn,nr
weak,ns
weakness,nt
wedding,nu
wooden,nv
worried,nw
yeah,nx
zone,ny
accuse,nz
admire,oA
admit,oB
adopt,oC
affair,oD
ambition,oE
analyst,oF
anger,oG
announce,oH
anybody,oI
apologize,oJ
apple,oK
approve,oL
asleep,oM
assignment,oN
assistant,oO
attend,oP
award,oQ
bathroom,oR
bear,oS
bedroom,oT
beer,oU
belong,oV
bid,oW
birthday,oX
bitter,oY
boot,oZ
brilliant,oa
bug,ob
camp,oc
candy,od
carpet,oe
cat,of
celebration,og
champion,oh
championship,oi
channel,oj
cheek,ok
client,ol
clock,om
comfort,on
commit,oo
confident,op
conscious,oq
consequence,or
cow,os
crack,ot
criticize,ou
dare,ov
dear,ow
decent,ox
delay,oy
departure,oz
deserve,pA
destroy,pB
diamond,pC
dirt,pD
disappointed,pE
drunk,pF
ear,pG
embarrassed,pH
empty,pI
engineer,pJ
entrance,pK
fault,pL
female,pM
fortune,pN
friendship,pO
funeral,pP
gene,pQ
girlfriend,pR
grass,pS
guilty,pT
guy,pU
hat,pV
hell,pW
hesitate,pX
highlight,pY
honestly,pZ
hurry,pa
illustrate,pb
incident,pc
indication,pd
inevitable,pe
inform,pf
intention,pg
invite,ph
island,pi
joke,pj
jury,pk
kiss,pl
lady,pm
leg,pn
lip,po
lonely,pp
mad,pq
manufacturing,pr
marry,ps
mate,pt
midnight,pu
motor,pv
neat,pw
negotiation,px
nerve,py
nervous,pz
nowhere,qA
obligation,qB
odd,qC
ok,qD
passage,qE
passenger,qF
pen,qG
persuade,qH
pizza,qI
platform,qJ
poet,qK
pollution,qL
pop,qM
pour,qN
pray,qO
pretend,qP
previously,qQ
pride,qR
priest,qS
prize,qT
promise,qU
propose,qV
punch,qW
quit,qX
recognition,qY
remarkable,qZ
remind,qa
reply,qb
representative,qc
reputation,qd
resident,qe
resist,qf
resort,qg
ring,qh
rip,qi
roof,qj
rope,qk
rub,ql
sail,qm
scheme,qn
script,qo
shall,qp
shirt,qq
silly,qr
sir,qs
slight,qt
smart,qu
smile,qv
sock,qw
speaker,qx
spell,qy
station,qz
stranger,rA
stretch,rB
stupid,rC
submit,rD
substantial,rE
suppose,rF
surgery,rG
suspicious,rH
sympathy,rI
tale,rJ
tall,rK
tear,rL
temporary,rM
throat,rN
tiny,rO
toe,rP
tomorrow,rQ
tower,rR
trainer,rS
translate,rT
truck,rU
uncle,rV
wake,rW
weekly,rX
whoever,rY
witness,rZ
wrap,ra
yesterday,rb
youth,rc
,rd
,re
,rf
,rg
,rh
,ri
,rj
,rk
,rl
,rm
,rn
,ro
,rp
,rq
,rr
,rs
,rt
,ru
,rv
,rw
,rx
,ry
,rz
,sA
,sB
,sC
,sD
,sE
,sF
,sG
,sH
,sI
,sJ
,sK
,sL
,sM
,sN
,sO
,sP
,sQ
,sR
,sS
,sT
,sU
,sV
,sW
,sX
,sY
,sZ
,sa
,sb
,sc
,sd
,se
,sf
,sg
,sh
,si
,sj
,sk
,sl
,sm
,sn
,so
,sp
,sq
,sr
,ss
,st
,su
,sv
,sw
,sx
,sy
,sz
,tA
,tB
,tC
,tD
,tE
,tF
,tG
,tH
,tI
,tJ
,tK
,tL
,tM
,tN
,tO
,tP
,tQ
,tR
,tS
,tT
,tU
,tV
,tW
,tX
,tY
,tZ
,ta
,tb
,tc
,td
,te
,tf
,tg
,th
,ti
,tj
,tk
,tl
,tm
,tn
,to
,tp
,tq
,tr
,ts
,tt
,tu
,tv
,tw
,tx
,ty
,tz
,uA
,uB
,uC
,uD
,uE
,uF
,uG
,uH
,uI
,uJ
,uK
,uL
,uM
,uN
,uO
,uP
,uQ
,uR
,uS
,uT
,uU
,uV
,uW
,uX
,uY
,uZ
,ua
,ub
,uc
,ud
,ue
,uf
,ug
,uh
,ui
,uj
,uk
,ul
,um
,un
,uo
,up
,uq
,ur
,us
,ut
,uu
,uv
,uw
,ux
,uy
,uz
,vA
,vB
,vC
,vD
,vE
,vF
,vG
,vH
,vI
,vJ
,vK
,vL
,vM
,vN
,vO
,vP
,vQ
,vR
,vS
,vT
,vU
,vV
,vW
,vX
,vY
,vZ
,va
,vb
,vc
,vd
,ve
,vf
,vg
,vh
,vi
,vj
,vk
,vl
,vm
,vn
,vo
,vp
,vq
,vr
,vs
,vt
,vu
,vv
,vw
,vx
,vy
,vz
,wA
,wB
,wC
,wD
,wE
,wF
,wG
,wH
,wI
,wJ
,wK
,wL
,wM
,wN
,wO
,wP
,wQ
,wR
,wS
,wT
,wU
,wV
,wW
,wX
,wY
,wZ
,wa
,wb
,wc
,wd
,we
,wf
,wg
,wh
,wi
,wj
,wk
,wl
,wm
,wn
,wo
,wp
,wq
,wr
,ws
,wt
,wu
,wv
,ww
,wx
,wy
,wz
,xA
,xB
,xC
,xD
,xE
,xF
,xG
,xH
,xI
,xJ
,xK
,xL
,xM
,xN
,xO
,xP
,xQ
,xR
,xS
,xT
,xU
,xV
,xW
,xX
,xY
,xZ
,xa
,xb
,xc
,xd
,xe
,xf
,xg
,xh
,xi
,xj
,xk
,xl
,xm
,xn
,xo
,xp
,xq
,xr
,xs
,xt
,xu
,xv
,xw
,xx
,xy
,xz
,yA
,yB
,yC
,yD
,yE
,yF
,yG
,yH
,yI
,yJ
,yK
,yL
,yM
,yN
,yO
,yP
,yQ
,yR
,yS
,yT
,yU
,yV
,yW
,yX
,yY
,yZ
,ya
,yb
,yc
,yd
,ye
,yf
,yg
,yh
,yi
,yj
,yk
,yl
,ym
,yn
,yo
,yp
,yq
,yr
,ys
,yt
,yu
,yv
,yw
,yx
,yy
,yz
,zA
,zB
,zC
,zD
,zE
,zF
,zG
,zH
,zI
,zJ
,zK
,zL
,zM
,zN
,zO
,zP
,zQ
,zR
,zS
,zT
,zU
,zV
,zW
,zX
,zY
,zZ
,za
,zb
,zc
,zd
,ze
,zf
,zg
,zh
,zi
,zj
,zk
,zl
,zm
,zn
,zo
,zp
,zq
,zr
,zs
,zt
,zu
,zv
,zw
,zx
,zy
,zz
